{
  "0,0,0,0,0,0,0,0,0,0,0,0,0,0,0,0,0,0": [
    -4.200811862945557,
    -4.7689995765686035,
    -4.511258125305176,
    -4.617060661315918,
    -4.548447608947754
  ],
  "0,0,0,0,0,0,0,1,0,0,0,0,0,0,0,0,0,0": [
    0.0,
    0.0,
    0.0,
    0.20000000298023224,
    0.0
  ],
  "0,0,0,0,0,0,0,0,0,1,0,0,0,0,0,0,0,0": [
    -0.4817166328430176,
    -0.4817166328430176,
    -0.10000000149011612,
    -0.6594300866127014,
    0.0
  ],
  "0,0,0,0,0,0,0,1,0,1,0,1,0,0,0,0,0,0": [
    -1.173251748085022,
    -0.10989999771118164,
    0.0,
    -0.43126222491264343,
    0.0
  ],
  "0,0,0,0,0,1,0,1,0,0,0,0,0,0,0,0,0,0": [
    -1.7992405891418457,
    -0.7486005425453186,
    -0.39278602600097656,
    0.16892901062965393,
    -0.6135761141777039
  ],
  "0,1,0,1,0,0,0,0,0,0,0,0,0,0,0,0,0,0": [
    -1.7272623777389526,
    -0.730465292930603,
    -0.5233224630355835,
    -1.159358263015747,
    -1.2353519201278687
  ],
  "0,1,0,0,0,0,0,0,0,0,0,0,0,0,0,0,0,0": [
    -0.7850846648216248,
    -0.8333369493484497,
    -0.6844167113304138,
    -0.2709999978542328,
    -0.8397104740142822
  ],
  "0,0,0,0,0,1,0,1,0,1,0,1,0,0,0,0,0,0": [
    -0.7581223845481873,
    -0.6562982797622681,
    0.009919002652168274,
    -0.6936513185501099,
    -0.4090435802936554
  ],
  "0,0,0,0,0,1,0,0,0,0,0,0,0,0,0,0,0,0": [
    -0.5607684254646301,
    -0.7814285159111023,
    -0.31369510293006897,
    0.5201730132102966,
    -1.4945484399795532
  ],
  "0,0,0,0,0,0,0,0,0,0,0,1,0,0,0,0,0,0": [
    0.0,
    -0.10990891605615616,
    -0.28664955496788025,
    -0.21805544197559357,
    0.0
  ],
  "0,0,0,0,0,0,0,0,0,0,0,0,0,1,0,0,0,0": [
    -0.2789154052734375,
    -0.4697856903076172,
    -0.370728999376297,
    -0.3975311815738678,
    -0.6215792298316956
  ],
  "0,0,0,0,0,0,0,0,0,0,0,0,0,1,0,1,0,0": [
    -1.2314305305480957,
    -1.2595877647399902,
    -0.39940041303634644,
    -0.836576521396637,
    -1.4594776630401611
  ],
  "0,0,0,0,0,0,0,0,0,0,0,0,0,0,0,1,0,0": [
    0.0,
    -0.4717148244380951,
    -0.1899999976158142,
    0.0,
    -0.21479149162769318
  ],
  "1,0,0,0,0,0,0,0,0,0,0,0,0,0,0,0,0,0": [
    -0.40387168526649475,
    -0.40387168526649475,
    -0.6684635877609253,
    0.0,
    0.0
  ],
  "1,1,1,0,0,0,0,0,0,0,0,0,0,0,0,0,0,0": [
    -0.6091248393058777,
    -1.260466456413269,
    -0.10000000149011612,
    0.0,
    -0.19958245754241943
  ],
  "1,1,1,1,0,0,0,0,0,0,0,0,0,0,0,0,0,0": [
    -0.8464785814285278,
    -0.8398287296295166,
    -0.7972056269645691,
    -1.3105440139770508,
    -1.035324215888977
  ],
  "0,0,0,0,0,0,0,0,0,0,0,0,1,1,1,1,0,0": [
    -1.1517271995544434,
    -1.213183879852295,
    -0.846204400062561,
    -1.0907001495361328,
    -0.5445030927658081
  ],
  "0,0,0,0,0,0,1,1,1,1,1,1,0,0,0,0,0,0": [
    -0.10000000149011612,
    0.1339999884366989,
    -0.10000000149011612,
    -0.10000000149011612,
    0.0
  ],
  "0,0,0,0,1,1,1,1,1,1,0,0,0,0,0,0,0,0": [
    -0.4296542704105377,
    -0.6535794138908386,
    -0.1899999976158142,
    -0.20249199867248535,
    -0.10989999771118164
  ],
  "0,0,0,0,1,1,0,0,0,0,0,0,0,0,0,0,0,0": [
    0.0,
    0.0,
    -0.10000000149011612,
    -0.34389999508857727,
    -0.07425999641418457
  ],
  "0,0,0,0,1,1,1,1,1,0,0,0,0,0,0,0,0,0": [
    -0.18001790344715118,
    -0.3755227029323578,
    -0.10000000149011612,
    0.0,
    -0.10000000149011612
  ],
  "0,0,0,0,0,0,0,0,0,0,1,0,0,0,0,0,0,0": [
    -0.1899999976158142,
    0.0,
    -0.10000000149011612,
    -0.3755227029323578,
    -0.10000000149011612
  ],
  "0,0,0,0,0,0,1,0,1,1,1,1,0,0,0,0,0,0": [
    0.0,
    0.0,
    0.0,
    0.0,
    -0.3846505880355835
  ],
  "0,0,0,0,0,0,0,0,0,0,0,0,1,0,1,1,0,0": [
    -0.3846505880355835,
    0.0,
    0.0,
    0.0,
    0.0
  ],
  "0,0,0,0,0,0,0,0,0,0,0,0,1,0,0,0,0,0": [
    -0.10000000149011612,
    -0.510768473148346,
    -0.2709999978542328,
    -0.1286911964416504,
    -0.4095100164413452
  ],
  "0,0,0,0,0,0,0,0,0,0,0,0,0,0,1,0,0,0": [
    -0.10000000149011612,
    0.0,
    0.0,
    -0.3846505880355835,
    -0.21869134902954102
  ],
  "0,0,1,1,0,0,0,0,0,0,0,0,0,0,0,0,0,0": [
    -0.38066554069519043,
    -0.4315236508846283,
    -0.41940999031066895,
    -0.14492706954479218,
    -0.416005402803421
  ],
  "0,1,1,1,0,0,0,0,0,0,0,0,0,0,0,0,0,0": [
    -0.22728757560253143,
    -0.1899999976158142,
    -0.1899999976158142,
    -0.4613047242164612,
    -0.10989999771118164
  ],
  "0,0,0,0,0,1,1,1,1,1,1,1,0,0,0,0,0,0": [
    0.0,
    0.0,
    0.0,
    -0.1899999976158142,
    0.0
  ],
  "0,0,0,0,0,0,0,0,0,0,0,0,1,1,1,0,0,0": [
    -0.10000000149011612,
    0.0,
    -0.2709999978542328,
    0.0,
    -0.3705824613571167
  ],
  "0,0,0,0,0,0,0,0,0,0,0,0,0,0,1,1,0,0": [
    -0.2709999978542328,
    -0.5680979490280151,
    0.0,
    -0.4453461170196533,
    -0.41820067167282104
  ],
  "0,0,0,0,0,0,0,0,1,1,1,1,0,0,0,0,0,0": [
    -0.493214875459671,
    -0.416606605052948,
    -0.38952019810676575,
    -0.5102794766426086,
    -0.4095100164413452
  ],
  "0,0,0,1,0,0,0,0,0,0,0,0,0,0,0,0,0,0": [
    -0.2263934165239334,
    -0.25084829330444336,
    -0.12682901322841644,
    -0.7390491366386414,
    0.19009999930858612
  ],
  "1,1,0,1,0,0,0,0,0,0,0,0,0,0,0,0,0,0": [
    -0.33288946747779846,
    -0.33288946747779846,
    0.0,
    -0.10000000149011612,
    0.0
  ],
  "0,0,0,0,0,0,0,0,0,0,0,0,0,1,1,1,0,0": [
    -0.19383814930915833,
    0.0,
    0.0,
    -0.19326460361480713,
    -0.3071926236152649
  ],
  "0,0,0,0,0,1,1,1,0,1,0,1,0,0,0,0,0,0": [
    0.0,
    0.0,
    0.0,
    -0.01000000536441803,
    0.0
  ],
  "0,0,0,0,0,1,0,1,1,1,0,1,0,0,0,0,0,0": [
    -0.43323224782943726,
    0.0,
    0.30000001192092896,
    0.0,
    -0.40655577182769775
  ],
  "0,0,0,0,0,0,0,0,0,0,0,0,1,1,0,1,0,0": [
    -0.5250930786132812,
    0.0,
    -0.1899999976158142,
    0.0,
    0.0
  ],
  "0,0,0,0,0,0,0,1,1,1,0,1,0,0,0,0,0,0": [
    0.0,
    0.0,
    0.0,
    0.0,
    -0.19326460361480713
  ],
  "0,0,0,0,1,1,1,1,1,1,0,1,0,0,0,0,0,0": [
    0.0,
    0.0,
    0.0,
    0.0,
    -0.1779789924621582
  ],
  "0,0,0,0,0,0,0,1,1,1,1,1,0,0,0,0,0,0": [
    0.0,
    0.0,
    -0.10000000149011612,
    0.0,
    0.0
  ],
  "0,0,0,0,1,1,1,1,1,1,1,1,0,0,0,0,0,0": [
    -0.7762039303779602,
    -0.4283199906349182,
    -0.4604851007461548,
    -0.6135913133621216,
    -0.5474719405174255
  ],
  "0,0,0,0,0,0,0,0,0,0,0,0,1,1,0,0,0,0": [
    -0.43468615412712097,
    -0.1862320750951767,
    -0.22345907986164093,
    -0.3828519284725189,
    -0.21805544197559357
  ],
  "0,0,0,0,1,1,1,1,0,0,0,0,0,0,0,0,0,0": [
    -0.3994726538658142,
    -0.6488640308380127,
    -0.37963899970054626,
    -0.6530348062515259,
    -0.4527195990085602
  ],
  "1,1,0,0,0,0,0,0,0,0,0,0,0,0,0,0,0,0": [
    -0.16214127838611603,
    -0.7400497198104858,
    -0.10000000149011612,
    -0.4361395239830017,
    -0.6923216581344604
  ],
  "0,0,0,0,1,0,1,1,1,1,1,1,0,0,0,0,0,0": [
    -0.10000000149011612,
    -0.10000000149011612,
    -0.10000000149011612,
    -0.1899999976158142,
    -0.37920665740966797
  ],
  "0,0,0,0,1,1,1,1,1,1,1,0,0,0,0,0,0,0": [
    -0.19229893386363983,
    0.0,
    0.0,
    0.0,
    0.0
  ],
  "0,0,0,0,1,0,0,0,0,0,0,0,0,0,0,0,0,0": [
    0.0,
    0.0,
    0.0,
    0.0,
    -0.10000000149011612
  ],
  "0,0,0,0,0,0,0,0,0,0,1,1,0,0,0,0,0,0": [
    -0.4452489912509918,
    0.0,
    -0.1899999976158142,
    -0.27306902408599854,
    -0.10000000149011612
  ],
  "0,0,0,0,0,0,0,0,0,1,0,1,0,0,0,0,0,0": [
    -0.2628491222858429,
    0.0,
    0.0,
    0.0,
    -0.6194719076156616
  ],
  "0,0,0,0,0,0,0,1,0,1,0,0,0,0,0,0,0,0": [
    -0.2530381679534912,
    0.0,
    0.0,
    -0.4639861285686493,
    0.0
  ],
  "0,0,0,0,0,0,0,0,0,1,1,1,0,0,0,0,0,0": [
    -0.10000000149011612,
    0.0,
    0.0,
    -0.18001790344715118,
    0.0
  ],
  "0,0,0,0,1,0,1,0,0,0,0,0,0,0,0,0,0,0": [
    0.0,
    0.0,
    0.0,
    0.0,
    -0.134821817278862
  ],
  "0,0,0,0,1,1,1,1,1,0,1,1,0,0,0,0,0,0": [
    -0.19947180151939392,
    -0.10000000149011612,
    0.0,
    -0.1899999976158142,
    0.0
  ],