{
  "0,0,0,0,0,0,0,0,0,0,0,0,0,0,0,0,0,0": [
    -2.9693689346313477,
    -3.9391720294952393,
    -4.494774341583252,
    -3.9273366928100586,
    -3.644336462020874
  ],
  "0,0,0,0,0,0,0,1,0,0,0,0,0,0,0,0,0,0": [
    0.0,
    0.0,
    0.0,
    0.20000000298023224,
    0.0
  ],
  "0,0,0,0,0,0,0,0,0,1,0,0,0,0,0,0,0,0": [
    -0.4817166328430176,
    -0.9483045339584351,
    -0.10000000149011612,
    -0.6594300866127014,
    0.0
  ],
  "0,0,0,0,0,0,0,1,0,1,0,1,0,0,0,0,0,0": [
    -2.3209762573242188,
    -0.34421348571777344,
    -0.2898100018501282,
    -0.8093762397766113,
    -0.8434232473373413
  ],
  "0,0,0,0,0,1,0,1,0,0,0,0,0,0,0,0,0,0": [
    -3.259625196456909,
    -1.919966697692871,
    -0.35171616077423096,
    0.04171858727931976,
    -1.9118409156799316
  ],
  "0,1,0,1,0,0,0,0,0,0,0,0,0,0,0,0,0,0": [
    -2.864412307739258,
    -2.416749954223633,
    -1.7104989290237427,
    -2.385120153427124,
    -3.731579303741455
  ],
  "0,1,0,0,0,0,0,0,0,0,0,0,0,0,0,0,0,0": [
    -1.8053172826766968,
    -1.638707160949707,
    -0.6844167113304138,
    -0.5453513860702515,
    -2.210271120071411
  ],
  "0,0,0,0,0,1,0,1,0,1,0,1,0,0,0,0,0,0": [
    -2.153799057006836,
    -1.2819477319717407,
    -0.8711930513381958,
    -3.1521267890930176,
    -3.7226812839508057
  ],
  "0,0,0,0,0,1,0,0,0,0,0,0,0,0,0,0,0,0": [
    -2.082859754562378,
    -0.7814285159111023,
    -0.35746121406555176,
    1.3361456394195557,
    -2.330808162689209
  ],
  "0,0,0,0,0,0,0,0,0,0,0,1,0,0,0,0,0,0": [
    0.0,
    -0.2969525158405304,
    -0.28664955496788025,
    -1.2128190994262695,
    0.0
  ],
  "0,0,0,0,0,0,0,0,0,0,0,0,0,1,0,0,0,0": [
    -1.4764025211334229,
    -2.0922837257385254,
    -0.6396649479866028,
    -0.5170297622680664,
    -2.6262850761413574
  ],
  "0,0,0,0,0,0,0,0,0,0,0,0,0,1,0,1,0,0": [
    -3.427182674407959,
    -2.9334559440612793,
    -1.1934219598770142,
    -2.1632230281829834,
    -3.8460628986358643
  ],
  "0,0,0,0,0,0,0,0,0,0,0,0,0,0,0,1,0,0": [
    -0.4245610237121582,
    -0.6846672892570496,
    -0.6520344018936157,
    -1.5746181011199951,
    -0.9318011999130249
  ],
  "1,0,0,0,0,0,0,0,0,0,0,0,0,0,0,0,0,0": [
    -1.1979657411575317,
    -0.636281430721283,
    -0.6684635877609253,
    -0.42282336950302124,
    -0.10989999771118164
  ],
  "1,1,1,0,0,0,0,0,0,0,0,0,0,0,0,0,0,0": [
    -0.6091248393058777,
    -1.260466456413269,
    -0.10000000149011612,
    0.0,
    -0.19958245754241943
  ],
  "1,1,1,1,0,0,0,0,0,0,0,0,0,0,0,0,0,0": [
    -1.8668042421340942,
    -1.2730835676193237,
    -1.1740797758102417,
    -1.6394802331924438,
    -1.7276580333709717
  ],
  "0,0,0,0,0,0,0,0,0,0,0,0,1,1,1,1,0,0": [
    -1.565871000289917,
    -1.4656213521957397,
    -1.2119660377502441,
    -1.460342288017273,
    -1.6870195865631104
  ],
  "0,0,0,0,0,0,1,1,1,1,1,1,0,0,0,0,0,0": [
    -0.10000000149011612,
    0.1339999884366989,
    -0.10000000149011612,
    -0.10000000149011612,
    -0.10989999771118164
  ],
  "0,0,0,0,1,1,1,1,1,1,0,0,0,0,0,0,0,0": [
    -0.4296542704105377,
    -0.6535794138908386,
    -0.1899999976158142,
    -0.20249199867248535,
    -0.10989999771118164
  ],
  "0,0,0,0,1,1,0,0,0,0,0,0,0,0,0,0,0,0": [
    0.0,
    -0.4702763557434082,
    -0.10000000149011612,
    -0.34389999508857727,
    -0.07425999641418457
  ],
  "0,0,0,0,1,1,1,1,1,0,0,0,0,0,0,0,0,0": [
    -0.18001790344715118,
    -0.3755227029323578,
    -0.10000000149011612,
    0.0,
    -0.10000000149011612
  ],
  "0,0,0,0,0,0,0,0,0,0,1,0,0,0,0,0,0,0": [
    -0.1899999976158142,
    0.7132660150527954,
    -0.10000000149011612,
    -0.3755227029323578,
    -0.10000000149011612
  ],
  "0,0,0,0,0,0,1,0,1,1,1,1,0,0,0,0,0,0": [
    0.0,
    0.0,
    0.0,
    0.0,
    -0.3846505880355835
  ],
  "0,0,0,0,0,0,0,0,0,0,0,0,1,0,1,1,0,0": [
    -0.3846505880355835,
    -0.10989999771118164,
    -0.10000000149011612,
    -0.46793133020401,
    -0.10000000149011612
  ],
  "0,0,0,0,0,0,0,0,0,0,0,0,1,0,0,0,0,0": [
    -0.1899999976158142,
    -0.8124358654022217,
    -0.32941001653671265,
    -0.29423987865448,
    -0.4095100164413452
  ],
  "0,0,0,0,0,0,0,0,0,0,0,0,0,0,1,0,0,0": [
    -0.6454342007637024,
    -0.5152142643928528,
    -0.38568583130836487,
    -1.1306718587875366,
    -0.46656912565231323
  ],
  "0,0,1,1,0,0,0,0,0,0,0,0,0,0,0,0,0,0": [
    -0.4524989724159241,
    -0.7091208696365356,
    -0.48736900091171265,
    -0.5623412132263184,
    -0.5714086890220642
  ],
  "0,1,1,1,0,0,0,0,0,0,0,0,0,0,0,0,0,0": [
    -0.22728757560253143,
    -0.1899999976158142,
    -0.1899999976158142,
    -0.4613047242164612,
    -0.10989999771118164
  ],
  "0,0,0,0,0,1,1,1,1,1,1,1,0,0,0,0,0,0": [
    0.0,
    0.0,
    0.0,
    -0.1899999976158142,
    0.0
  ],
  "0,0,0,0,0,0,0,0,0,0,0,0,1,1,1,0,0,0": [
    -0.10000000149011612,
    0.0,
    -0.2709999978542328,
    0.0,
    -0.3705824613571167
  ],
  "0,0,0,0,0,0,0,0,0,0,0,0,0,0,1,1,0,0": [
    -0.2709999978542328,
    -0.5680979490280151,
    -0.10000000149011612,
    -0.8400794267654419,
    -0.41820067167282104
  ],
  "0,0,0,0,0,0,0,0,1,1,1,1,0,0,0,0,0,0": [
    -0.493214875459671,
    -0.416606605052948,
    -0.4891306757926941,
    -1.2405743598937988,
    -0.48699599504470825
  ],
  "0,0,0,1,0,0,0,0,0,0,0,0,0,0,0,0,0,0": [
    -1.8889063596725464,
    -0.9012287259101868,
    -0.4121439754962921,
    -2.255648374557495,
    -1.184570074081421
  ],
  "1,1,0,1,0,0,0,0,0,0,0,0,0,0,0,0,0,0": [
    -0.33288946747779846,
    -0.33288946747779846,
    0.0,
    -0.10000000149011612,
    0.0
  ],
  "0,0,0,0,0,0,0,0,0,0,0,0,0,1,1,1,0,0": [
    -0.19383814930915833,
    0.0,
    0.0,
    -0.19326460361480713,
    -0.3071926236152649
  ],
  "0,0,0,0,0,1,1,1,0,1,0,1,0,0,0,0,0,0": [
    0.0,
    0.0,
    0.0,
    -0.01000000536441803,
    0.0
  ],
  "0,0,0,0,0,1,0,1,1,1,0,1,0,0,0,0,0,0": [
    -0.43323224782943726,
    0.0,
    0.30000001192092896,
    0.0,
    -0.40655577182769775
  ],
  "0,0,0,0,0,0,0,0,0,0,0,0,1,1,0,1,0,0": [
    -0.5250930786132812,
    0.0,
    -0.1899999976158142,
    0.0,
    0.0
  ],
  "0,0,0,0,0,0,0,1,1,1,0,1,0,0,0,0,0,0": [
    0.0,
    0.0,
    0.0,
    0.0,
    -0.19326460361480713
  ],
  "0,0,0,0,1,1,1,1,1,1,0,1,0,0,0,0,0,0": [
    -0.2891976833343506,
    0.0,
    -0.10000000149011612,
    -0.1686541587114334,
    -0.1779789924621582
  ],
  "0,0,0,0,0,0,0,1,1,1,1,1,0,0,0,0,0,0": [
    0.0,
    0.0,
    -0.10000000149011612,
    0.0,
    0.0
  ],
  "0,0,0,0,1,1,1,1,1,1,1,1,0,0,0,0,0,0": [
    -1.353774070739746,
    -0.8914710879325867,
    -0.6935181617736816,
    -0.6934762597084045,
    -0.9630011320114136
  ],
  "0,0,0,0,0,0,0,0,0,0,0,0,1,1,0,0,0,0": [
    -0.5011175274848938,
    -0.1862320750951767,
    -0.22345907986164093,
    -0.49847254157066345,
    -0.2962498962879181
  ],
  "0,0,0,0,1,1,1,1,0,0,0,0,0,0,0,0,0,0": [
    -1.5394865274429321,
    -1.4815410375595093,
    -0.6626443266868591,
    -0.8706059455871582,
    -0.5040393471717834
  ],
  "1,1,0,0,0,0,0,0,0,0,0,0,0,0,0,0,0,0": [
    -0.5631706714630127,
    -0.7400497198104858,
    -0.7012196779251099,
    -0.4361395239830017,
    -0.7374372482299805
  ],
  "0,0,0,0,1,0,1,1,1,1,1,1,0,0,0,0,0,0": [
    -0.10000000149011612,
    -0.10000000149011612,
    -0.10000000149011612,
    -0.1899999976158142,
    -0.37920665740966797
  ],
  "0,0,0,0,1,1,1,1,1,1,1,0,0,0,0,0,0,0": [
    -0.19229893386363983,
    0.0,
    0.0,
    0.0,
    0.0
  ],
  "0,0,0,0,1,0,0,0,0,0,0,0,0,0,0,0,0,0": [
    0.0,
    0.0,
    0.0,
    0.0,
    -0.10000000149011612
  ],
  "0,0,0,0,0,0,0,0,0,0,1,1,0,0,0,0,0,0": [
    -0.6156295537948608,
    -0.27661725878715515,
    -0.2709999978542328,
    -0.27306902408599854,
    -0.10000000149011612
  ],
  "0,0,0,0,0,0,0,0,0,1,0,1,0,0,0,0,0,0": [
    -0.734438955783844,
    -0.2551944851875305,
    -0.1899999976158142,
    -0.6416635513305664,
    -1.208691120147705
  ],
  "0,0,0,0,0,0,0,1,0,1,0,0,0,0,0,0,0,0": [
    -0.2530381679534912,
    0.0,
    0.0,
    -0.9323470592498779,
    0.0
  ],